Date,Close,Volume,MFI,RSI,MACD
2023-02-24,0.5865065149360529,0.03399333211839242,0.5138077541635925,0.479110668498688,0.46389087856222533
2023-02-27,0.46920535305334626,0.22875952745945136,0.33757018403889955,0.2603247473383084,0.41377551863119444
2023-02-28,0.3838952632064644,0.33925728696547064,0.18480101527570533,0.1686122910132069,0.340292197024424
2023-03-01,0.3519040500661357,0.1807510478865388,0.1263462288346608,0.14074430137851277,0.27124247308791444
2023-03-02,0.37323157252785616,0.09904470803897816,0.21937515488397993,0.20524673510981137,0.22835761201412028
2023-03-03,0.3838952632064644,0.09739582774996516,0.30677485390755266,0.23879963345358335,0.20208009795298038
2023-03-06,0.3519040500661357,0.08099278539498087,0.26296960532493263,0.19670109644817482,0.17159004772397496
2023-03-07,0.37323157252785616,0.12747968547323735,0.37303528021977145,0.27058221501610913,0.16005139739382837
2023-03-08,0.3519040500661357,0.05991311385783047,0.3313513028122822,0.23637014267438228,0.14596869733986936
2023-03-09,0.3625677407447439,0.03580502342334616,0.3747712931122727,0.27758980140593664,0.1431958839600752
2023-03-10,0.3625677407447439,0.04621621838920275,0.3345150610831731,0.27758980140593664,0.1449348441008871
2023-03-13,0.3625677407447439,0.11687485929912203,0.44983349367120967,0.27758980140593664,0.15018885232603693
2023-03-14,0.3092490051426945,0.09978372265042934,0.3674185603485812,0.16870269477980096,0.1362325858518932
2023-03-15,0.18128387037237195,0.31702721824984187,0.20499628255346847,0.03894965765542981,0.07671841354767958
2023-03-16,0.14929265723204324,0.14203619630586495,0.1513312688446669,0.019531163167602155,0.0216168696456729
2023-03-17,0.23460260597442115,0.3328862172099954,0.4023929071892125,0.29791751221815344,0.01879000890288859
2023-03-20,0.18128387037237195,0.07714227136777334,0.35833621298655993,0.23106510056087273,0.0
2023-03-21,0.3412402182830232,0.1144675342774139,0.44186452529405346,0.5439360834382746,0.05653486026372306
2023-03-24,0.2879214826809743,0.07343178821435846,0.49661049345358177,0.46364844558144425,0.08382318147863003
2023-03-27,0.2772575097933581,0.04204812238028365,0.4570357176049006,0.4477216889188176,0.10540996084010022
2023-03-28,0.3412402182830232,0.08443593688024613,0.5254382619236203,0.5541019382829747,0.152949999565213
2023-03-29,0.3305765276044152,0.056848514734731945,0.46782543143309013,0.5340790529259463,0.18961585509988974
2023-03-30,0.3092490051426945,0.09100063784398014,0.38903623933205167,0.49199860359158365,0.2129633011485027
2023-03-31,0.2665939602192538,0.08042395184545952,0.3256368141037725,0.4123871077012996,0.21684827453004013
2023-04-03,0.2985851733595825,0.03274578433369424,0.37351500322882486,0.48355600816681793,0.23610670730204775
2023-04-04,0.27192573500630596,0.07631280619191064,0.30802784736861666,0.42968885675208857,0.24309559598999905
2023-04-05,0.27192573500630596,0.03824450864573395,0.27135597455770416,0.42968885675208857,0.25134415504964375
2023-04-06,0.24526643775753335,0.053373203048787024,0.22624796359472077,0.37090207893367866,0.24953348614507795
2023-04-10,0.1546244320190954,0.23148376445869023,0.11011639465529528,0.2235401105961824,0.21357697136785894
2023-04-11,0.0959737805254901,0.43248300869397427,0.0,0.15902887969011245,0.16442043347813431
2023-04-12,0.11196938709565446,0.28256354319650956,0.24043346353042216,0.21061736404691914,0.13614829421703287
2023-04-13,0.07464611695926567,0.23072665973435674,0.16620797188323214,0.16688249913896452,0.10265635217317777
2023-04-14,0.07997831505982972,0.12232601331432308,0.26039781776637627,0.1863727002991341,0.08298017671118216
2023-04-17,0.05865065149360529,0.1480233536657269,0.20607180465407815,0.15858835741243563,0.06340016931977463
2023-04-18,0.06931434217221354,0.11220493015876419,0.2944216210793067,0.20425365705134851,0.05726130065303416
2023-04-26,0.037323270136388795,0.22159182273297384,0.21104098794113216,0.1562227643957013,0.04419980603536045
2023-04-27,0.03199121314032871,0.22068597708049698,0.14429838487556518,0.148476654853739,0.03681548315427729
2023-04-28,0.021327522461720465,0.1950073968461563,0.09534760479898054,0.13205375767898955,0.03177290172012092
2023-05-02,0.0,0.10988001565129767,0.0691140202662446,0.10043736028369561,0.024241577532522984
2023-05-03,0.0959737805254901,0.4231712905888533,0.35021453518378937,0.48965362128345846,0.06303582653336912
2023-05-04,0.10663761230860232,0.37858653237996204,0.5209138246412384,0.519399680250954,0.10263598415133916
2023-05-05,0.09064186463393399,0.16076817319340073,0.44736378202990223,0.47077825092430725,0.13146400334762232
2023-05-08,0.08531008984688186,0.08631663861582496,0.4907998519682204,0.4539311647356313,0.15590475227116649
2023-05-09,0.1866156451594241,0.48070588960475114,0.6618986947718642,0.7112828852470487,0.22043830618580781
2023-05-10,0.18128387037237195,0.24489590815046686,0.7273130046565891,0.6922332421345397,0.2718395247281411
2023-05-11,0.23993466297048122,0.31360081686909724,0.7971948636607223,0.7906685629668065,0.33865136845078925
2023-05-12,0.25059835364908944,0.12483718898405927,0.7172624922893064,0.8060440057385758,0.39706165721949593
2023-05-15,0.2239389152958129,0.209525047436296,0.6001791841570169,0.6987066211627719,0.43289083251548793
2023-05-16,0.24246847654829035,0.03752358414716508,0.6183087492822977,0.735279256076036,0.4691844467338399
2023-05-17,0.29151724875566964,0.12206538168798173,0.6656644609370628,0.8169101259203697,0.5179662099598263
2023-05-19,0.34601590021992545,0.23188509696300505,0.7414810920648655,0.883122827339802,0.5782151324796332
2023-05-22,0.34601590021992545,0.13369062422949518,0.7813380630852674,0.883122827339802,0.6243726122167736
2023-05-23,0.2697177317281661,0.09117081890590997,0.7048901356736534,0.5985468589381061,0.6276190316451968
2023-05-24,0.27516761098504205,0.09587290824694746,0.627573694400037,0.6106159082027655,0.6307923377103813
2023-05-25,0.2969671280125459,0.06056033789650848,0.6592815438032487,0.6599736209128605,0.6405889416805642
2023-05-26,0.2697177317281661,0.07702770065285207,0.5890422650344763,0.5646395805052249,0.6353128664956909
2023-05-29,0.27516761098504205,0.03418964334337446,0.5505138248626712,0.5799550589474094,0.6317213253869163
2023-05-30,0.30241700726942183,0.12688070173557883,0.6296331602062682,0.6544652568919911,0.6384461631587822
2023-05-31,0.3187666450400497,0.14361271614334872,0.7042664660682931,0.6953756613594765,0.6486991686378212
2023-06-05,0.3187666450400497,0.07782165560713099,0.7042664660682931,0.6953756613594765,0.6548828212215603
2023-06-06,0.30241700726942183,0.10467810319136392,0.58478800350851,0.6106346332496809,0.6510910218954762
2023-06-07,0.38961479317042913,0.26316223213232853,0.7272019989839096,0.8130331854206947,0.6820661684356067
2023-06-08,0.4659129616621885,0.3037115551601042,0.8328249749191335,0.9037506555429333,0.7354496109817042
2023-06-09,0.38961479317042913,0.08176329020293087,0.7446870018763344,0.6490044013598869,0.743091562539481
2023-06-12,0.3787151757611812,0.06016235541309778,0.6776467166941945,0.6184761499603232,0.7416760497873032
2023-06-13,0.38961479317042913,0.17050065392408048,0.5321244944061918,0.6406339081773319,0.7421359063333528
2023-06-14,0.34601590021992545,0.15562187108047554,0.4234417896270958,0.5119783886775222,0.7216707997606254
2023-06-15,0.35691565873367737,0.07187536850229946,0.3730524812871222,0.5403337199291534,0.7074337988889356
2023-06-16,0.35691565873367737,0.09624811058821008,0.4532470061026862,0.5403337199291534,0.6937607840440283
2023-06-19,0.30241700726942183,0.10425801056998596,0.3783021078162912,0.3823767514160988,0.6582963694393172
2023-06-20,0.2969671280125459,0.06217236795557604,0.33278899118659155,0.3687390484719037,0.6263132461992025
2023-06-21,0.28606736949879397,0.0703303388613145,0.2845964710462089,0.33982467268245115,0.5951831959798545
2023-06-22,0.25881797321441424,0.07680860928572195,0.23605052637102916,0.27220406601151986,0.5583595227342456
2023-06-23,0.25881797321441424,0.053276052442567244,0.20143855505788777,0.27220406601152003,0.5286892492049831
2023-06-26,0.3133166246786698,0.11560386136809493,0.3390116846975467,0.5079153200631855,0.5273507008852625
2023-06-27,0.28606736949879397,0.0581416228037263,0.409017657269537,0.4197665281822461,0.5146410257869279
2023-07-03,0.29151724875566964,0.03271027411211046,0.3703137932216908,0.44158028683848943,0.5066006168338056
2023-07-04,0.3078668865262978,0.05772287019070999,0.44526955123055106,0.5078283559365707,0.5067879224152044
2023-07-05,0.3351161417061736,0.14342511497271743,0.5806945051899285,0.6052727594986769,0.5178970795738693
2023-07-06,0.3787151757611812,0.19938453415949314,0.7118827992396944,0.7235617970827948,0.5441534443275136
2023-07-07,0.40051455168418104,0.14087373905213169,0.7816977312754043,0.7706151492369948,0.5730223456365576
2023-07-10,0.3678154172474293,0.03683280983673338,0.8031917219653097,0.62077876251781,0.5812200867233235
2023-07-11,0.3787151757611812,0.05909771876976512,0.7106123275724864,0.6515083548716493,0.5910403108046515
2023-07-12,0.38961479317042913,0.023603577286322265,0.7331190553623691,0.6827171799670116,0.6020197416673534
2023-07-13,0.34601590021992545,0.05873457650375739,0.6367853869801067,0.4944042149241775,0.5913932322334969
2023-07-14,0.3678154172474293,0.036845539916169075,0.5714479053075622,0.5693470860964069,0.5908270075987551
2023-07-17,0.3678154172474293,0.05409747756826003,0.6305678187451557,0.5693470860964069,0.5891935671992088
2023-07-18,0.3351161417061736,0.05623144088419112,0.5379083817609738,0.43522933933259617,0.5733091168243475
2023-07-20,0.4114143101979327,0.10173142480409078,0.640458398537624,0.671925700973263,0.5912185965636714
2023-07-21,0.40051455168418104,0.04301828843411983,0.6857040542169321,0.6291385733488535,0.5995781315804722
2023-07-24,0.38961479317042913,0.04046423249681078,0.6033109735216572,0.5850432855717353,0.6003602508173262
2023-07-25,0.3787151757611812,0.059517141386962256,0.5035991998096535,0.5400481186125352,0.5951967932179539
2023-07-26,0.4114143101979327,0.11118250377882358,0.6249394652328313,0.6455881615699999,0.6033451629977379
2023-07-27,0.4114143101979327,0.17084704608556758,0.7497914800770039,0.6455881615699999,0.6083967392432026
2023-07-28,0.6076092579229474,0.7676499201355016,0.9603390550711157,0.9335844564282237,0.6915651169250456
2023-07-31,0.6294087749504511,0.35564759924101924,1.0,0.9478331155755053,0.7633433550197939
2023-08-01,0.640308815673211,0.3128577822325611,0.7643120571215849,0.9551840878520342,0.8209019959040975
2023-08-02,0.6512082919779549,0.1522564400801861,0.8021693427818838,0.9629887692557619,0.8666637559220801
2023-08-03,0.6294087749504511,0.0700609971806224,0.743406002565299,0.8638349143934577,0.8892280728856786
2023-08-04,0.6294087749504511,0.09337178263992367,0.6692972137871648,0.8638349143934577,0.902316269746521
2023-08-07,0.6294087749504511,0.05167072242530794,0.6228876983342172,0.8638349143934577,0.9078310027449645
2023-08-08,0.6948073260329626,0.13809992174351168,0.6852799916056002,0.9440111716117497,0.9342162381966032
2023-08-09,0.6948073260329626,0.21622642925291854,0.7642651610285641,0.9440111716117497,0.949785346518891
2023-08-10,0.6948073260329626,0.08880168412250893,0.6817038329890157,0.9440111716117497,0.9567028554284698
2023-08-11,0.640308815673211,0.09635732126968473,0.5983786467778127,0.6481986927444233,0.9343741846809158
2023-08-14,0.5967097816182034,0.12846057159396673,0.5022384690209997,0.48949354734327866,0.8938640112533474
2023-08-15,0.640308815673211,0.1114551954804198,0.570625258800853,0.6115475625679614,0.8753933570955069
2023-08-16,0.7166068430604664,0.192847303367173,0.6680773443532662,0.7564956680050333,0.8878339953866209
2023-08-18,0.7929051526567297,0.4470468895725909,0.8118921711225426,0.8484495550081674,0.924351225028542
2023-08-21,0.7711056356292258,0.24735549349827943,0.6382871704362406,0.7755513968427047,0.939015269257546
2023-08-22,0.7602055949064661,0.09570473719756012,0.6762004466317963,0.738179397362096,0.9408684733628145
2023-08-23,0.7711056356292258,0.12567469421009186,0.7222081591331684,0.7561286155321548,0.9416194651859227
2023-08-24,0.7493061186017221,0.023175444614774394,0.6925146494636613,0.671840226273334,0.9280647391562316
2023-08-25,0.7493061186017221,0.05597884930801968,0.6366511038869802,0.671840226273334,0.912411957418107
2023-08-28,0.8365039045027294,0.2838955115079918,0.7512446016474292,0.8271850332597731,0.9311162951109357
2023-08-29,0.8692031800439851,0.2240225979010109,0.8187034322532247,0.8663420594208361,0.9541364200038313
2023-08-30,0.9455012074312404,0.26820468359722566,0.8803764158344402,0.9351256629902075,0.9981867220764787
2023-08-31,0.8801026563487291,0.12014983973499994,0.7728708910492343,0.7194041168456455,1.0
2023-09-01,0.8147043874752256,0.10243626920231982,0.6861010525604323,0.5577566368560394,0.9687010441375667
2023-09-04,0.8256041459889775,0.054621420837666024,0.6346508471940724,0.5779746481759771,0.943160825225485
2023-09-05,0.8692031800439851,0.13784264013807446,0.6976747683802211,0.6555545255487049,0.9358569808564445
2023-09-06,0.8583031393212253,0.05779791065896251,0.6377635233235011,0.6249223039693116,0.9205348681216619
2023-09-07,0.640308815673211,0.3638028901300344,0.411971431503468,0.2647340990276062,0.8140269601850335
2023-09-08,0.7057070845467145,0.3091352390038914,0.2843689989649026,0.3869131090473543,0.7537140452641995
2023-09-11,0.7602055949064661,0.1753809643772177,0.3914832918805727,0.4759681225404773,0.7258032863637464
2023-09-12,0.7166068430604664,0.0725648028043695,0.3537150418141346,0.4150569026511047,0.683296674318108
2023-09-13,0.7493061186017221,0.08061222302027164,0.411007494610817,0.4719171321630846,0.6611836576300667
2023-09-14,0.7602055949064661,0.15408622149802215,0.33101583569249066,0.4914735662451221,0.6463447553138636
2023-09-15,0.7166068430604664,0.0884465819066711,0.2857749356801838,0.41593456506317183,0.6149851366724043
2023-09-18,0.6948073260329626,0.05188445375899146,0.256645986677065,0.3800294281104864,0.5799948534811672
2023-09-19,0.6621080504917068,0.05979720313454756,0.22436676386840967,0.32772327129816403,0.5380809532121666
2023-09-20,0.7057070845467145,0.14149684294029996,0.35443255581958744,0.43603915329397835,0.5225650208513924
2023-09-21,0.7166068430604664,0.07599924423528402,0.4237551291436203,0.4621009144096488,0.5144745898484335
2023-09-22,0.8038046289614736,0.11872675085492533,0.5179921106785744,0.6345991122257592,0.5436387449841362
2023-09-25,0.7493061186017221,0.0700094068586988,0.5729944058651097,0.5139581252547764,0.5434470661282148
2023-09-26,0.7057070845467145,0.029435963680413367,0.5328148267674733,0.43171547683654776,0.5247356996647757
2023-09-27,0.7275066015742183,0.026285604022169097,0.4942492687876093,0.47938876546272646,0.5185948153352778
2023-09-29,0.7493061186017221,0.017312238028365297,0.5234961422904995,0.526974864422043,0.5223725809321321
2023-10-02,0.7820051119339698,0.11717033114286633,0.6284796672853499,0.5948865237197558,0.5383560301454993
2023-10-03,0.8147043874752256,0.043885943848289616,0.6704005231046841,0.6566149223850095,0.5637203052606441
2023-10-04,0.7384060778789623,0.027032658683790185,0.6138088575966346,0.46959919156164753,0.551366888819718
2023-10-05,0.7384060778789623,0.08244937448409678,0.6878396990264827,0.4695991915616474,0.5409481570481357
2023-10-06,0.7275066015742183,0.00025192157199060923,0.6627595893308453,0.4435293606331788,0.5276862227954132
2023-10-09,0.7275066015742183,0.001766801024838395,0.6332814556098446,0.4435293606331788,0.5168255544593126
2023-10-10,0.7384060778789623,0.015538066957537814,0.5802024746706479,0.48085184853603624,0.5124477011729287
2023-10-11,0.7493061186017221,0.07291588499512237,0.6724342593578964,0.5192228857079588,0.5131990984263939
2023-10-12,0.7493061186017221,0.01908774910755443,0.6088252978004826,0.5192228857079588,0.5134826314056113
2023-10-13,0.7493061186017221,0.07599321419765659,0.6088252978004826,0.5192228857079588,0.5133963729109429
2023-10-16,0.7493061186017221,0.02951770419047415,0.5193907216658235,0.5192228857079588,0.5130213747543348
2023-10-17,0.7493061186017221,0.044118435299036265,0.6062955604176214,0.5192228857079588,0.512424429548136
2023-10-18,0.6621080504917068,0.14777210209791708,0.36211596055477846,0.19644360733681207,0.47583776506905884
2023-10-19,0.5967097816182034,0.04020628088719273,0.30248789021402306,0.09606397647040783,0.4204267430499571
2023-10-20,0.5531107475631958,0.10141518283074086,0.20275631287232856,0.051894982272494415,0.3598542994424713
2023-10-23,0.531311230535692,0.16699653205836004,0.09877648183182897,0.03316520349010333,0.30488394925198115
2023-10-24,0.5422112712584518,0.04064647363399548,0.18692514508878158,0.09167455128310438,0.26836274923779546
2023-10-25,0.4768125790714364,0.08809415970755657,0.12802341991051275,0.029164005338029906,0.21536723078114
2023-10-26,0.43321368612093275,0.12460201751658931,0.06673425283013842,0.0,0.15902419422683042
2023-10-27,0.4659129616621885,0.02577841085728375,0.13196042554401557,0.14672522851024308,0.13204528916409136
2023-10-30,0.38961479317042913,0.03105536378547002,0.10762342638147321,0.0724947682029999,0.08360168999491664
2023-10-31,0.6294087749504511,0.14248509910701843,0.33781826209354265,0.5871193267936048,0.148749779532745
2023-11-01,0.40051455168418104,0.06988009605179936,0.2725205999432779,0.3341440620966111,0.10960571107342441
2023-11-02,0.3678154172474293,0.06517197667313444,0.2184150600424396,0.30840036195904175,0.06979803863298736
2023-11-03,0.38961479317042913,0.10333273479626513,0.15072894608389276,0.3415628772981716,0.0523131262508803
2023-11-06,0.4550132031484366,0.19496853660366842,0.39663419680239786,0.4383677353631902,0.07042813001992125
2023-11-07,0.4550132031484366,0.06718533923651683,0.3347449941766101,0.4383677353631901,0.08936145121967924
2023-11-08,0.5095117135081881,0.029292582785716583,0.38428975500505097,0.5214975304471875,0.13110916898401598
2023-11-09,0.520411613126444,0.07350012864080271,0.4776266809318829,0.5379501855614499,0.17234451444485185
2023-11-10,0.5749102645906996,0.07877507155644652,0.5646363635015113,0.6180039830532376,0.23061971017446767
2023-11-13,0.5531107475631958,0.0699350363946271,0.6340798865190237,0.5739454468846515,0.2702363661799178
2023-11-14,0.5095117135081881,0.017300847957291254,0.5901033869796105,0.48948142589020877,0.28582737831098404
2023-11-15,0.4986120960989402,0.06679673681163771,0.6590535855160443,0.46870213098960034,0.29585074987381876
2023-11-16,0.44411358573918863,0.11478913628421042,0.49984640756590837,0.3712841468431874,0.2834865254278725
2023-11-17,0.4223140687116848,0.05484252221733864,0.4270428698052987,0.33609590361231056,0.2671564355378984
2023-11-20,0.43321368612093275,0.001813031313315395,0.4077939864464144,0.36663590423224957,0.26133871300732175
2023-11-21,0.4114143101979327,0.030816842297095935,0.35841227492993066,0.325589777050013,0.2503901035256879
2023-11-22,0.4114143101979327,0.0877584876129627,0.4892830897619748,0.32558977705001313,0.24450193886231458
2023-11-23,0.43321368612093275,0.1550637575978474,0.320407283069301,0.4044809817615937,0.2516012117730152
2023-11-24,0.4223140687116848,0.06958462420805506,0.25561467850438213,0.3755185620368983,0.2553615530810082
2023-11-27,0.44411358573918863,0.043099358939999784,0.33459505355910063,0.4586799663005277,0.2698964984480289
2023-11-28,0.4986120960989402,0.09438080893624776,0.46521176407055176,0.6212372399591328,0.3061408158051979
2023-11-29,0.5095117135081881,0.04403401477225218,0.5280802400752689,0.6482767993041111,0.34106960174155826
2023-11-30,0.4659129616621885,0.07329108733638498,0.42660508388902224,0.49462893993403323,0.3521806807745854
2023-12-01,0.4223140687116848,0.08844859191921357,0.32903260728337375,0.3780230601105839,0.3445044832792191
2023-12-04,0.4114143101979327,0.15866101004470268,0.20842016213545947,0.35193418728836373,0.3356298166253575
2023-12-05,0.38961479317042913,0.09513255362713463,0.14980091014935232,0.30069378969902605,0.3214394852198124
2023-12-06,0.4877124786896923,0.23503880664215346,0.41935508009152517,0.5940029696701667,0.35250223332016567
2023-12-07,0.4114143101979327,0.19467239475574327,0.2900190344728025,0.4180943563894185,0.347020533989244
2023-12-08,0.3787151757611812,0.11142571529646345,0.22827444835041777,0.35891760003182627,0.3308809305477981
2023-12-11,0.27516761098504205,0.14676508581413547,0.16326118744870075,0.21946859409471633,0.277469155995843
2023-12-12,0.25881797321441424,0.11878638122701886,0.117930640505606,0.20203096199118453,0.23128679313296896
2023-12-13,0.253368235062042,0.08281050673756205,0.08760938061275661,0.1957649927844602,0.19577268095025566
2023-12-14,0.27516761098504205,0.07326562717751359,0.18207489545453812,0.26894873566579264,0.18021606059551462
2023-12-15,0.25881797321441424,0.11275902361630737,0.13188635586459024,0.24310423002896064,0.16480059170937833
2023-12-18,0.22066895952078652,0.11669931820374559,0.08768914990673325,0.1873608478445304,0.14071578642605148
2023-12-19,0.27516761098504205,0.05887527738173086,0.17164261202980355,0.3707096536598035,0.1481746672195737
2023-12-20,0.3078668865262978,0.19860330928464995,0.37386003046341204,0.4610857086479537,0.17130666067160186
2023-12-21,0.3133166246786698,0.1892051606402024,0.5170398662656128,0.47607789534518763,0.1952599154361244
2023-12-22,0.34601590021992545,0.2470265214454938,0.6522005416524023,0.564075294478874,0.23077826743276264
2023-12-27,0.30241700726942183,0.09213562492629954,0.570975122732015,0.4442683463674994,0.2436080805310163
2023-12-28,0.30241700726942183,0.13580247740745902,0.4689897538142901,0.4442683463674994,0.25642702213957475
2023-12-29,0.3351161417061736,0.07436644404661084,0.5242922177236617,0.5448283844895142,0.2825247903994003
2024-01-02,0.3351161417061736,0.09847721449781846,0.5906212151867024,0.5448283844895142,0.3052953583041361
2024-01-03,0.38961479317042913,0.20761419551258,0.6980194078464863,0.6891675043765364,0.34758873863955386
2024-01-04,0.43321368612093275,0.2717396256552641,0.797797259919347,0.7714750275601984,0.4002179649043849
2024-01-05,0.44411358573918863,0.17017034186293323,0.8467071067198103,0.789887199919032,0.44691194185796806
2024-01-08,0.4550132031484366,0.11198717879999572,0.8766272833555105,0.8089575491015027,0.48842355367695817
2024-01-09,0.4550132031484366,0.05151729146789876,0.8101886142633663,0.8089575491015027,0.5209240700878491
2024-01-10,0.4986120960989402,0.26665764394369823,0.8824518340215923,0.883258179280944,0.563905493204425
2024-01-11,0.640308815673211,0.499133014590011,0.9639567128836792,1.0,0.6549090970458858
2024-01-12,0.5531107475631958,0.23071057963401692,0.7831464714415429,0.7196024372492281,0.688465487604175
2024-01-15,0.640308815673211,0.1751364128512162,0.8255020686491261,0.8119614928242207,0.7482762325750812
2024-01-16,0.6294087749504511,0.07219027046728771,0.8442699977789073,0.782531115104197,0.787674447651156
2024-01-17,0.6076092579229474,0.16523040103770248,0.7111990358215403,0.7210906205834872,0.8061532443129283
2024-01-18,0.6839075675192107,0.19231063001833132,0.7721169249842692,0.8093085410910272,0.8483320595851211
2024-01-19,0.7384060778789623,0.3699247183302424,0.8580977027648236,0.8581070028916207,0.8996428213279712
2024-01-22,0.7711056356292258,0.21827396202952307,0.8976510932232358,0.8841890947163783,0.9485680778525535
2024-01-23,0.8038046289614736,0.11313422595756997,0.9174386896551355,0.9088254906934464,0.9950665641526557
2024-01-24,0.7166068430604664,0.08379139285829143,0.8379237358473156,0.667146932577953,0.9898779504418119
2024-01-25,0.7275066015742183,0.10633703354308931,0.7437711488673288,0.682266639721297,0.9845532200381935
2024-01-26,0.6948073260329626,0.03293070548760224,0.705819401441107,0.5998438937629152,0.9612712102260789
2024-01-29,0.6730078090054588,0.05901195823461938,0.646127479127666,0.5468655458105321,0.9286632579005247
2024-01-30,0.6076092579229474,0.232181908815111,0.4813620572302934,0.4103632205778092,0.8712089400895676
2024-01-31,0.6839075675192107,0.05595003912824416,0.5218012206932464,0.5636596915203779,0.8531546235580385
2024-02-01,0.6621080504917068,0.05205195480419798,0.5607009996111453,0.5178631845065043,0.8258745401750291
2024-02-02,0.6730078090054588,0.05155280168948254,0.5086647285099187,0.5402570190766945,0.8051106629942617
2024-02-05,0.6294087749504511,0.039394235820031515,0.4654705880366234,0.44285970852672857,0.7672995559986412
2024-02-06,0.7384060778789623,0.11189873824812667,0.5580216632100645,0.6456996238511048,0.7792527430122942
2024-02-07,0.6621080504917068,0.11118585379972772,0.45340339089049564,0.4955533664977826,0.75393596963381
2024-02-12,0.6948073260329626,0.08187049087186304,0.5267456093721605,0.5509185001579429,0.7444857690489187
2024-02-13,0.6730078090054588,0.10303927296506331,0.4302149240368084,0.5078684330848809,0.7251851936526948
2024-02-15,0.6730078090054588,0.08206412208012177,0.508273854000975,0.5078684330848809,0.7073426956929679
2024-02-16,0.6294087749504511,0.13004513148162045,0.3951193409698456,0.4156398610786246,0.6729345834409135
2024-02-19,0.5531107475631958,0.11632344585830215,0.3120475105723898,0.2914844352924247,0.6125064577553514
2024-02-20,0.5640107882859556,0.051241919749579236,0.2730124668225266,0.3214801594043203,0.5682035531965576
2024-02-21,0.5858100231044515,0.07038728921668472,0.35949026063085354,0.3831971142331423,0.5415168424163878
2024-02-22,0.6730078090054588,0.1121821500166161,0.47497299074966165,0.5783948439715046,0.5558030888654708
2024-02-23,0.7057070845467145,0.10349219579130174,0.5665819141295713,0.634703925337685,0.5796388198351489
2024-02-26,0.6512082919779549,0.06315794410557121,0.6212157213754039,0.5088441812987228,0.5748620764809469
2024-02-27,0.6948073260329626,0.028451727538779843,0.5716708932635229,0.5907408986991567,0.5880230491301298
2024-02-28,0.6948073260329626,0.05864278593098421,0.6292799778475278,0.5907408986991567,0.5971764893201936
2024-02-29,0.7493061186017221,0.20729996355177258,0.7609584287443947,0.688171806888487,0.6254749571237554
2024-03-01,0.9455012074312404,1.0,0.9785662482089122,0.8793553088675009,0.7266621457852883
2024-03-04,0.8692031800439851,0.21187006206918732,0.8202724491915131,0.7158092573676599,0.7718573748058786
2024-03-05,0.9237016904037366,0.1657597043405551,0.7083662324424558,0.7650333019895178,0.8264029300527937
2024-03-06,0.7711056356292258,0.3598552254966071,0.5265240749950681,0.516945433140596,0.802574234676371
2024-03-07,0.7820051119339698,0.10814872484804305,0.4746686283376768,0.5306417594651415,0.7847798510282897
2024-03-08,0.8365039045027294,0.23408405068447627,0.5685739666152261,0.5991925194187154,0.7898274213893375
2024-03-13,0.8474036630164813,0.09626620070109237,0.6075625456415392,0.6128693837199494,0.7948022714301061
2024-03-14,0.8147043874752256,0.0852412819055991,0.5530540631828942,0.5519310429767865,0.78175213744887
2024-03-15,0.7711056356292258,0.13146018031152515,0.4773995934931945,0.47528352407736046,0.7502508714101951
2024-03-18,0.7820051119339698,0.06147288359079361,0.438425606980841,0.49575914910041813,0.7270414920952879
2024-03-19,0.8474036630164813,0.07026869847667849,0.48628303820720525,0.6089213808302378,0.7329823604712237
2024-03-20,0.8147043874752256,0.053533334048004456,0.4442530648392411,0.5396726884090564,0.7213935788717719
2024-03-21,0.7711056356292258,0.13086923662403654,0.3619838845178567,0.4549951921371264,0.6917250938567377
2024-03-22,0.7602055949064661,0.09139862032739084,0.307401311449102,0.4343463084589839,0.6616629565360594
2024-03-25,0.7820051119339698,0.16154202802225487,0.43463885690406795,0.486396991548428,0.6450685935364003
2024-03-26,0.7602055949064661,0.10094751991252425,0.3671735045989452,0.43701935344709153,0.6213036991600897
2024-03-27,0.640308815673211,0.5922495256370399,0.15329580510907903,0.24444713276017901,0.5518914630565914
2024-03-28,0.6185092986457071,0.09597072885734807,0.12720389969220697,0.2192592303225059,0.48780689180952097
2024-04-01,0.6294087749504511,0.2797810158335388,0.06731741756559331,0.2526029806798683,0.44206009650057965
2024-04-02,0.6621080504917068,0.15951124535017097,0.18596267475215786,0.35141889579260155,0.4201576094816614
2024-04-03,0.6294087749504511,0.07006300719316488,0.16268030350389875,0.2951933919825811,0.3903191876268666
2024-04-04,0.7057070845467145,0.08228723347233687,0.23441136941456756,0.49321507373770107,0.3993814819152673
2024-04-05,0.6621080504917068,0.06615085278132135,0.2051911336705361,0.40808293577210236,0.3895621523508037
2024-04-16,0.6294087749504511,0.09444311932506459,0.16790227250983297,0.35093102978134694,0.36953925792762804
2024-04-17,0.4659129616621885,0.13040961375598983,0.1241477640625702,0.1663115213887934,0.2880165826462348
2024-04-18,0.5422112712584518,0.12807062916072595,0.24329112712782391,0.3295394216179944,0.2577513576400704
2024-04-19,0.5422112712584518,0.25769566802096844,0.15219977871793594,0.3295394216179944,0.23664520355873817
2024-04-22,0.6621080504917068,0.20619311664504786,0.3159850766543376,0.5397568022649938,0.27221137274682194
2024-04-23,0.7602055949064661,0.16037488073925582,0.4276204776333828,0.6576482522286414,0.34281808029510474
2024-04-24,0.7493061186017221,0.14571384925441935,0.5171684607151158,0.6379535108607788,0.39529550820755166
2024-04-25,0.7493061186017221,0.16338386951534578,0.6034331051575686,0.6379535108607788,0.43744876424117457
2024-04-26,0.7493061186017221,0.06555387905620531,0.5478664417652456,0.6379535108607788,0.4710329026371587
2024-04-29,0.8147043874752256,0.34174568249305876,0.6984733497224496,0.7304918515649821,0.5243874776640699
2024-04-30,0.8474036630164813,0.3483773838748754,0.8000684471319501,0.7697967245074666,0.5791903106386138
2024-05-02,0.7929051526567297,0.11751940332107673,0.7095182471750017,0.6271752122802541,0.5986807689424148
2024-05-03,0.8583031393212253,0.16926784623136049,0.7627545892973401,0.7181290621871119,0.6395384944411026
2024-05-06,0.7820051119339698,0.11294260476185371,0.6734299141213366,0.5519005020736683,0.6384599121670884
2024-05-07,0.8038046289614736,0.04094462549446309,0.6336958398862215,0.5870183888933813,0.6448378848235787
2024-05-08,0.8583031393212253,0.22488154326082996,0.7225426741748598,0.6682088235262397,0.670418575283603
2024-05-13,1.0,0.43039259564979687,0.8384960551185376,0.8121953333444039,0.7465753601451476
2024-05-14,0.9890999592772401,0.18103244964248577,0.8754030170486624,0.7869310968214684,0.7987996847928573
2024-05-15,0.9673004422497363,0.18861354694853297,0.7325745776910058,0.7334455771352524,0.8272006443709672
2024-05-16,0.799110364323363,0.36389133068190344,0.532613916142693,0.43686861763849844,0.7764728780893828
2024-05-17,0.8657644632822092,0.1976264431890055,0.6050928281245276,0.5309466237202223,0.7608062390880138
2024-05-20,0.8879824962684914,0.26060080614903036,0.6863850640080709,0.5607358364883606,0.7545324967846349
2024-05-21,0.8990913716571285,0.19780466430110524,0.7407082850167791,0.5766279544750483,0.7511255030851749
2024-05-22,0.8990913716571285,0.08342356056301792,0.6820705510390568,0.5766279544750482,0.7454396254356482
2024-05-27,0.8879824962684914,0.08242391432522539,0.6237121017830873,0.5512344619198724,0.733469355526805
2024-05-28,0.8657644632822092,0.14319530353869409,0.5335205919263731,0.4989720005816613,0.7121479756667908
2024-05-29,0.8324375549072901,0.06822518572515893,0.4880126643688016,0.4250051708378361,0.6791794681016962
2024-05-30,0.8546553056845643,0.06928647234758745,0.4415607190455679,0.4831744291419142,0.6602802344452873
2024-05-31,0.7213473899758795,0.29325479990995146,0.30537749914271306,0.2577220656317615,0.5887263976191944
2024-06-03,0.7324565475735246,0.038026757286965474,0.2843070303678368,0.2872473716627204,0.5360636748506524
2024-06-04,0.6991293569895974,0.1193833549521349,0.23279164729969976,0.24265683121935028,0.48054652685702615
2024-06-05,0.7213473899758795,0.16117151571025803,0.3563637133545825,0.308990134225541,0.44624471867345583
2024-06-06,0.6546935732260413,0.09421062787431794,0.30687091986562254,0.2170617218312639,0.39244526587506084
2024-06-07,0.6324755402397592,0.0730632859149041,0.2684028389041872,0.190971343543729,0.34223804859048906
2024-06-10,0.6324755402397592,0.024007589807360397,0.25051150604871963,0.190971343543729,0.30454501519188115
2024-06-11,0.621366664851122,0.03411795289602607,0.22716360735232344,0.17561247677839506,0.2725223538584715
2024-06-12,0.5769305988785578,0.05841096448441838,0.19294066064654136,0.1198891998215882,0.2316157758684953
2024-06-13,0.5547125658922757,0.02149641413762422,0.1753286876029723,0.09583388298224278,0.1933426284766303
2024-06-14,0.46584057505165133,0.09905609811005221,0.126036300634884,0.02510074132804306,0.13018615238209433
2024-06-19,0.5213856575173565,0.1276632666187837,0.28460596373614855,0.22207096119612577,0.10758321494767667
2024-06-20,0.5324945329059937,0.11853244964248577,0.40903225379933345,0.25801034638741827,0.09875533368785627
2024-06-21,0.5769305988785578,0.13381524500712885,0.5244341179834613,0.39293494367026155,0.11451192445872543
2024-06-24,0.5547125658922757,0.06264539090723927,0.45939594303837816,0.34950772974210775,0.12196751443117214
2024-06-25,0.5547125658922757,0.1501968472283267,0.5780470243736456,0.34950772974210775,0.1319620996431569
2024-06-26,0.5769305988785578,0.08721243420558944,0.6406736351994815,0.42648517788716994,0.15295962006471187
2024-06-27,0.5991486318648399,0.07102044316756537,0.6894488808133163,0.49851531898919926,0.1823383857881056
2024-06-28,0.5547125658922757,0.1375069680434806,0.5401200298560732,0.3773160001430484,0.19056607649585394
2024-07-01,0.5769305988785578,0.10107348069851955,0.6156430267190449,0.45223440761907735,0.20951142627332162
2024-07-02,0.5880394742671949,0.17551429520920211,0.7156405688052845,0.4891024360530953,0.23207404683106778
2024-07-03,0.5658214412809128,0.08137602778641338,0.6204994331205381,0.4195011002776157,0.2435222570368475
2024-07-04,0.610257507253477,0.10226608814039,0.6844859015628738,0.5653457018935591,0.2735149089463068
2024-07-05,0.5769305988785578,0.08872061361662897,0.5829718543858033,0.45973344294548785,0.28574837005212
2024-07-08,0.610257507253477,0.09666418318450307,0.6506752334181252,0.5594610731136076,0.31131118362614657
2024-07-09,0.6769116062123234,0.10899293011588393,0.7176313988181976,0.7060102416377699,0.36071735442006136
2024-07-10,0.6769116062123234,0.09852009476539134,0.7707821563221685,0.7060102416377699,0.400858407911102
2024-07-11,0.6769116062123234,0.07735131267219107,0.8096391281989459,0.7060102416377699,0.43328301846124256
2024-07-12,0.6880204816009604,0.1625986246154176,0.8711161042661902,0.732316020522189,0.46385620979885644
2024-07-15,0.6435844156283962,0.06325442470761018,0.7739360347495186,0.5405688573202043,0.4698115237199016
2024-07-16,0.6435844156283962,0.08580475542167383,0.6602853428520475,0.5405688573202043,0.4746666446831978
2024-07-17,0.6435844156283962,0.07910806363431708,0.7124490714606674,0.5405688573202043,0.47860446209311863
2024-07-18,0.6435844156283962,0.0460942776282924,0.6409282261754293,0.5405688573202043,0.48177871897079194
2024-07-19,0.5769305988785578,0.14306867274851795,0.4866441152553949,0.28929004054461155,0.4569359097355118
2024-07-22,0.5991486318648399,0.07978275784440896,0.5592949325493175,0.39462073954314086,0.44693577000502166
2024-07-23,0.6546935732260413,0.12161647888682825,0.6499458996209461,0.5905706409618824,0.4623697946295884
2024-07-24,0.610257507253477,0.04216738312447069,0.5877755384004021,0.44730633041513623,0.45648087725316827
2024-07-25,0.5880394742671949,0.05226099610861572,0.5178193164666416,0.3875782673925517,0.44308065368805855
2024-07-26,0.5769305988785578,0.07094875272021697,0.43551176919687956,0.358329051993588,0.428512066856721
2024-07-29,0.5658214412809128,0.06235393908857991,0.36795170225585017,0.32835815045910655,0.4131940035446948
2024-07-30,0.5658214412809128,0.04731636525411918,0.31659769315553354,0.32835815045910655,0.4020271625182601
2024-07-31,0.5658214412809128,0.07539959049344468,0.31659769315553354,0.32835815045910655,0.3942399610720103
2024-08-01,0.5658214412809128,0.045014900892981574,0.4005385446183695,0.3283581504591065,0.3891893684301352
2024-08-02,0.5658214412809128,0.09978171263788686,0.29004876705847915,0.3283581504591065,0.38634039912663476
2024-08-05,0.46584057505165133,0.21146470953978752,0.14876060937425611,0.08190440246658906,0.3441747657225559
2024-08-06,0.5880394742671949,0.16507094004266587,0.3567799962245762,0.530958899811204,0.36296168959379016
2024-08-07,0.5658214412809128,0.13464739019971483,0.48873161613600125,0.4758907460034301,0.3699601358114189
2024-08-08,0.5324945329059937,0.07173466762432598,0.4178722897470746,0.39925336949755,0.3630791026929722
2024-08-09,0.5547125658922757,0.051255319833195756,0.47709934467308096,0.4636430573033533,0.3682211728208894
2024-08-12,0.5769305988785578,0.0781506276599166,0.5544884095027643,0.5252621496456029,0.3827244540947821
2024-08-13,0.5880394742671949,0.07790339611719177,0.6236278208971673,0.5559438203350369,0.39983288391244604
2024-08-14,0.6658024486146783,0.19283323327937565,0.7439904029391416,0.7235385128069609,0.4461701936613643
2024-08-15,0.621366664851122,0.10429955082919717,0.7966259643991366,0.5855015074437627,0.464677978583815
2024-08-16,0.6435844156283962,0.13159954118113698,0.8504032143512394,0.6320672305003524,0.4885536349335231
2024-08-19,0.6435844156283962,0.09731140722318107,0.8854108068133407,0.6320672305003524,0.5072353249082924
2024-08-20,0.7324565475735246,0.21405896572794614,0.9411713112920397,0.7887762228142732,0.5581451405842927
2024-08-21,0.6991293569895974,0.07212796007847089,0.9584795412597088,0.6788106309741797,0.5835229276599381
2024-08-22,0.610257507253477,0.227959542467545,0.698791538334782,0.46004590488862834,0.5657889761487295
2024-08-23,0.6658024486146783,0.11183977788021397,0.7500805068466222,0.569384082570222,0.5738092940374794
2024-08-26,0.6324755402397592,0.14958513341123247,0.6058121079043759,0.4979814273334701,0.5654058052969648
2024-08-27,0.6435844156283962,0.07644479701553338,0.5337858332376282,0.5217841535768496,0.5624854967705555
2024-08-28,0.6435844156283962,0.10415147990523461,0.6036226664617246,0.5217841535768496,0.5593306688299948
2024-08-29,0.6324755402397592,0.1192446640867039,0.4967256239924974,0.4904899547502031,0.5514643148652756
2024-08-30,0.6324755402397592,0.14605019135319405,0.4967256239924974,0.4904899547502031,0.5445599776144221
2024-09-02,0.6769116062123234,0.23527397810962342,0.6537849146707657,0.6204979795103891,0.5567432237321857
2024-09-03,0.6769116062123234,0.11714956101326073,0.5404975859116152,0.6204979795103891,0.5654871041087223
2024-09-04,0.6324755402397592,0.21580298661063646,0.38626761810025617,0.45976633298698255,0.5531814946920617
2024-09-05,0.7768923313370809,0.5052890130034411,0.6509627158470326,0.7592505971427662,0.6021087155498432
2024-09-06,0.7435654229621617,0.1014774932195577,0.6917773407793437,0.6644772002717597,0.6254322941325036
2024-09-09,0.6546935732260413,0.2954571036523268,0.5104463497821906,0.46737824104177733,0.6056113203949132
2024-09-10,0.6769116062123234,0.13243101636954216,0.5723792924131378,0.5115629695785359,0.5978513604912862
2024-09-11,0.6769116062123234,0.16620324710826195,0.6415873625473403,0.5115629695785359,0.5905017531102197
2024-09-12,0.6991293569895974,0.10594508109730605,0.6844631678087815,0.5620783341177632,0.5926848795978964
2024-09-13,0.7324565475735246,0.13969587170223943,0.7358053840291882,0.6326094957518372,0.6068757633590011
2024-09-17,0.6991293569895974,0.07305323585219171,0.6686667084507274,0.5367556795097523,0.6029298217517526
2024-09-18,0.6880204816009604,0.166245457371654,0.5442815031532726,0.5059242374970132,0.5939467929436556
2024-09-19,0.7102385145872425,0.1881371739759656,0.6349861508535023,0.5659285505036201,0.5948110295226899
2024-09-20,0.6880204816009604,0.08471867864455475,0.5665438802734861,0.496085013856218,0.5851253265520858
2024-09-23,0.7102385145872425,0.11017548749504197,0.6254642498289082,0.5617246412757504,0.5855395644726535
2024-09-24,0.6991293569895974,0.08122192682482339,0.6685335824955689,0.522546805277665,0.5801706943694873
2024-09-25,0.7213473899758795,0.16689670143541696,0.7403253639725543,0.5926487903722827,0.5840235293478172
2024-09-26,0.7657834559484438,0.3999321955769004,0.8535807644231053,0.7061449967412303,0.6041850323205478
2024-09-27,0.7213473899758795,0.10759597139886153,0.7563521258089939,0.5419923577906391,0.6003838516819642
2024-09-30,0.6991293569895974,0.11087564186400523,0.6634391814186785,0.4733086297228439,0.5869793993567098
2024-10-01,0.6658024486146783,0.2956674849651062,0.47940387990723216,0.38222809673598146,0.5616400353166839
2024-10-02,0.5991486318648399,0.4543988454487956,0.2985962041346353,0.24881477612845584,0.5135473941219987
2024-10-03,0.6658024486146783,0.31241892949412003,0.44608909924337836,0.45080705163773194,0.5029414976873867
2024-10-04,0.6546935732260413,0.11934985474309359,0.4997561724537358,0.42601693439778654,0.4898800236335153
2024-10-07,0.6658024486146783,0.13463734013700246,0.5577951916803677,0.4588159945889171,0.48417098908282874
2024-10-08,0.6769116062123234,0.20512445997663026,0.45506957716338886,0.4930952583339461,0.4842875889920105
2024-10-09,0.7102385145872425,0.49863185146275313,0.6348603631493118,0.5890005321803454,0.49809458004514473
2024-10-10,0.7324565475735246,0.19565060085974936,0.6906907332689037,0.6453506582894871,0.5179065782009131
2024-10-11,0.7213473899758795,0.13544067514981292,0.6139192400442035,0.6013539919064743,0.5285061297779977
2024-10-14,0.6991293569895974,0.07502170813545876,0.5680778475068573,0.5164597787132518,0.5272034217459723
2024-10-15,0.6991293569895974,0.09930064963605373,0.6102999076322397,0.5164597787132518,0.5257180195491584
2024-10-16,0.7102385145872425,0.026684926513941446,0.5844577908540578,0.5603953090218683,0.5286702626932371
2024-10-17,0.6769116062123234,0.035686432683339944,0.5512823276822153,0.42241060998777286,0.5168104650370334
2024-10-18,0.6991293569895974,0.10096762003794904,0.47750648034321747,0.5164003714174226,0.5162997534239406
2024-10-21,0.7102385145872425,0.06305543346590482,0.5239852873093938,0.5601830390563782,0.5201229737048432
2024-10-22,0.6880204816009604,0.04585374612737583,0.4798137941517152,0.462072552914231,0.5136067087435972
2024-10-23,0.6658024486146783,0.20152318750469003,0.3472511451235735,0.3782311048443879,0.4990639669112791
2024-10-24,0.6658024486146783,0.0976510993428599,0.4293381984450565,0.3782311048443879,0.48752599640750816
2024-10-25,0.6769116062123234,0.053879726209491545,0.47816981174266443,0.4425395806508141,0.4830375324523082
2024-10-28,0.6546935732260413,0.13795788085717656,0.3762601376410817,0.347110384081167,0.4704318902833201
2024-10-29,0.6880204816009604,0.05476815175326694,0.4320098155327335,0.5214593284867136,0.4744292124570758
2024-10-30,0.6658024486146783,0.16479757833688882,0.318869367930127,0.4253419128321602,0.4685700787366438
2024-10-31,0.6546935732260413,0.1149814274841075,0.2514464136460335,0.38159253077205396,0.4596192754012937
2024-11-01,0.6546935732260413,0.19019944684454831,0.16545525091075164,0.38159253077205396,0.452911965446541
2024-11-04,0.6435844156283962,0.04904698605319297,0.14157550195197804,0.33285218973188185,0.4434749606721256
2024-11-05,0.6324755402397592,0.23934760352904602,0.06453100274552025,0.28680872708316874,0.43200696626103285
2024-11-06,0.621366664851122,0.07337014782972245,0.15328888378672553,0.24367368721709798,0.4190784300481054
2024-11-07,0.610257507253477,0.18288099117738496,0.09119501834012815,0.20357766213022208,0.4051528125118565
2024-11-08,0.610257507253477,0.07675031892199008,0.1807382135941946,0.20357766213022208,0.39516855653519545
2024-11-11,0.5324945329059937,0.35135555245864736,0.07468935884212043,0.03370671017104846,0.3564395273956851
2024-11-12,0.5213856575173565,0.2697852234597944,0.019932223912639754,0.02056479852488647,0.32301379803503133
2024-11-13,0.5436036905036387,0.21771383853435244,0.19437257774944705,0.18557147141068775,0.3078153261459264
2024-11-14,0.5547125658922757,0.054746711619480505,0.17345234690792005,0.260335927262752,0.3025068169093739
2024-11-15,0.5324945329059937,0.17715446544386437,0.12041701551280684,0.19872360873672124,0.29131601921274725
2024-11-18,0.5436036905036387,0.10783583289559727,0.2157511411119005,0.27507373933697005,0.289335567880753
2024-11-19,0.5769305988785578,0.10500841525251117,0.30476350754601833,0.4645453289799268,0.3037212455239766
2024-11-20,0.5658214412809128,0.03491592787538994,0.28150148355057303,0.4173534018064732,0.31251026487814854
2024-11-21,0.610257507253477,0.15427047264774932,0.40795270652554033,0.6078583339126101,0.33963331702818345
2024-11-22,0.5769305988785578,0.08166010955908365,0.3529393667948618,0.46834600479726307,0.3488650300822323
2024-11-25,0.5880394742671949,0.05247539744648007,0.40585589438052533,0.5130880953683893,0.36222917624061524
2024-11-26,0.5769305988785578,0.06707679855922301,0.35308500447105357,0.46623489381809996,0.3695512093060023
2024-11-28,0.5769305988785578,0.1396134611879978,0.26599391299184216,0.46623489381809996,0.3766196893073306
2024-11-29,0.621366664851122,0.09271718855525658,0.3640404061766408,0.6516061364132935,0.4016641488085092
2024-12-02,0.6324755402397592,0.012546498290149331,0.3904339542748721,0.6874623596168891,0.4268154995197589
2024-12-03,0.6435844156283962,0.039871278796779694,0.4430887509185203,0.7227781515391754,0.4517639718262346
2024-12-04,0.6324755402397592,0.11571374205375042,0.3391824625839683,0.6510742132887568,0.4671417043457057
2024-12-05,0.6546935732260413,0.11490035697822755,0.4623324407589855,0.7292967444145567,0.4885370797266586
2024-12-06,0.7213473899758795,0.1923260401144903,0.6120720577501485,0.8753122667741117,0.5326583793486903
2024-12-09,0.7102385145872425,0.127974148558687,0.6912463692456675,0.8099217045376875,0.5621356841806638
2024-12-10,0.6991293569895974,0.24638800746116657,0.47445282289452945,0.744200180274384,0.5798037340826382
2024-12-11,0.6435844156283962,0.9927197345711437,0.12725157615352414,0.49183285020818357,0.5697631047008758
2024-12-12,0.6658024486146783,0.4487292700706452,0.341381493189357,0.5669208453216058,0.57007433442867
2024-12-13,0.6769116062123234,0.08602317678462314,0.38248766542059154,0.602799267805426,0.5739287101076496
2024-12-16,0.6769116062123234,0.2305350385386405,0.30845523820218423,0.602799267805426,0.5759512761931084
2024-12-17,0.6880204816009604,0.08445938702657504,0.35485475782056497,0.6441066207950256,0.581079352833528
2024-12-18,0.6658024486146783,0.2798748164188545,0.26576402056082044,0.5253207376060723,0.5748907516396673
2024-12-19,0.6435844156283962,0.0825116848729136,0.2387305967452009,0.42627370262763575,0.5599063327829839
2024-12-20,0.6880204816009604,0.2028786059625012,0.3534522596659955,0.6079392128174239,0.5655841433956822
2024-12-23,0.6880204816009604,0.06501385568645948,0.39451811751911314,0.6079392128174239,0.5691304213718019
2024-12-24,0.6658024486146783,0.03730784280093908,0.3713085074738447,0.49909219146557293,0.5618386893892369
2024-12-27,0.6546935732260413,0.08274216631111778,0.3280072390945361,0.44956986456897813,0.5507025898581677
2024-12-30,0.6546935732260413,0.057002615696321944,0.2960177474816764,0.44956986456897813,0.5412451667648133
2025-01-02,0.6546935732260413,0.006756992163631101,0.31431186529077015,0.44956986456897813,0.5332107229100446
2025-01-03,0.6324755402397592,0.0555145364107072,0.2774955127121581,0.336134351737428,0.5172551171108221
2025-01-06,0.6435844156283962,0.16838545072521252,0.4254667656807951,0.4160667981379535,0.5089666335462305
2025-01-07,0.6324755402397592,0.08085275452118822,0.36534256329654924,0.35855657913556693,0.49765213383942347
2025-01-08,0.6546935732260413,0.07994690886871134,0.44064999688746853,0.5084139743602906,0.4977870944619689
2025-01-09,0.6324755402397592,0.060908740070538044,0.38681843612430905,0.3904203927923433,0.48863570730961986
2025-01-10,0.6324755402397592,0.02666884641360162,0.38681843612430905,0.3904203927923433,0.48144057320299544
2025-01-13,0.6769116062123234,0.14906990019617722,0.5298027210786859,0.6340181096351574,0.49411529647833174
2025-01-14,0.6546935732260413,0.0,0.513320221116594,0.5112975133664608,0.4948303535466432
2025-01-15,0.6769116062123234,0.020321896808636084,0.5462602879922188,0.6080433779297512,0.504422337628816
2025-01-16,0.6769116062123234,0.012628908804390939,0.5735459877609614,0.6080433779297512,0.5117322763661121
2025-01-17,0.6769116062123234,0.007215945027496971,0.540532477272808,0.6080433779297512,0.5171709836937466
2025-01-20,0.6546935732260413,0.0021440133786434826,0.5127918993132573,0.46435953029957083,0.5119540546239415
2025-01-21,0.6769116062123234,0.021664585187011566,0.5617704588627657,0.5863561541556136,0.5167033293263662
2025-01-22,0.6880204816009604,0.1738835050330714,0.7382800502812079,0.6385339474917145,0.5246429064144569
2025-01-23,0.7213473899758795,0.06010607506190838,0.7880313530979858,0.761712307775277,0.544119120984714
2025-01-24,0.6991293569895974,0.06680276684926514,0.650746979351624,0.6176626084154434,0.5495931376201987
2025-01-30,0.6769116062123234,0.1578248448270317,0.43894700022609257,0.4996826337909545,0.5440345052392465
2025-01-31,0.6769116062123234,0.18625513223202514,0.43894700022609245,0.4996826337909545,0.5390228821594448
2025-02-03,0.6991293569895974,0.07816469774771395,0.5439748589601083,0.6090952520529747,0.5436244165293168
2025-02-04,0.6991293569895974,0.04357171188748218,0.6028514481731972,0.6090952520529747,0.5465777114304731
2025-02-05,0.6769116062123234,0.06399477932742301,0.4946850517353294,0.4696264134594963,0.5390785184450165
2025-02-06,0.6991293569895974,0.062295648724848045,0.5782094808287476,0.5876094616489298,0.5417304680023582
2025-02-07,0.6991293569895974,0.030078497689825585,0.5782094808287476,0.5876094616489298,0.5431778938740636
2025-02-10,0.6880204816009604,0.041315137806459915,0.6410668957019201,0.510939123640592,0.5391013715281411
2025-02-11,0.6769116062123234,0.18930365125478382,0.37314007997223547,0.44034617702541556,0.5307434256196423
2025-02-12,0.6769116062123234,0.03975134804841182,0.37314007997223547,0.44034617702541545,0.523690073475462
2025-02-13,0.6880204816009604,0.14920591104488493,0.5647650132517691,0.5281837583759111,0.5223029572318907
2025-02-14,0.6880204816009604,0.03757785448581199,0.4971690238504605,0.5281837583759111,0.5208072689948502
2025-02-17,0.6769116062123234,0.07240668181769454,0.3975608970018962,0.43204458152581227,0.5146798239127758
2025-02-18,0.6769116062123234,0.4024808914807628,0.7142893103776468,0.43204458152581227,0.5095570761392355
2025-02-19,0.6658024486146783,0.1020376167147283,0.6002787994716688,0.34002026812162817,0.50071600913423
2025-02-20,0.6769116062123234,0.017305537986557037,0.5683063799728363,0.4646742820404954,0.4981901902253405
2025-02-21,0.6546935732260413,0.030585690854710933,0.5223878038561879,0.30407490050954417,0.48694955306102955
2025-02-24,0.6658024486146783,0.015392676050298554,0.5494409694808495,0.4146389756402282,0.48270049579501634
2025-02-25,0.6435844156283962,0.05950173129080325,0.46826260041446555,0.28436344140328934,0.4702862638429919
2025-02-26,0.6435844156283962,0.0586066057052196,0.3949367260371732,0.28436344140328934,0.4607438803174351
2025-02-27,0.6435844156283962,0.214502508495653,0.5988491177093906,0.28436344140328934,0.45356026559923157
2025-02-28,0.610257507253477,0.12649075930233805,0.46661121103158115,0.1351095250429519,0.4346152231460142
2025-03-03,0.621366664851122,0.21338360151367344,0.6213307808253657,0.2542606899645797,0.4249264694670245
2025-03-04,0.621366664851122,0.238766039900089,0.4313019837076057,0.2542606899645797,0.4180363529004079
2025-03-05,0.6769116062123234,0.21472494988368726,0.5674766377679048,0.644477997199635,0.43623634344658024
2025-03-06,0.6546935732260413,0.03266404382363346,0.5934141338992833,0.5114213143674022,0.44193990282716455
2025-03-07,0.6546935732260413,0.008618263777965974,0.5719312612714069,0.5114213143674022,0.44691540551394454
2025-03-10,0.6769116062123234,0.07245626212707568,0.6261388048939572,0.6266478444364327,0.46039138485882114
2025-03-11,0.6658024486146783,0.2194900196177224,0.4357896370952577,0.5529614031298972,0.4666822629326965
2025-03-12,0.6769116062123234,0.08963181930255244,0.5096870729861586,0.6112536459521922,0.47639980550955646
2025-03-13,0.6546935732260413,0.01750921925752817,0.4823721614493348,0.4705198706733513,0.4749998690502162
2025-03-14,0.6658024486146783,0.10428146071631487,0.5687032290377715,0.5354972008584381,0.4785969412141458
2025-03-17,0.6769116062123234,0.05552860649850455,0.616017343662325,0.596335576900783,0.48606817228570326
2025-03-18,0.6546935732260413,0.2258644393941018,0.4142716057532898,0.45689090202401317,0.48279812434185415
2025-03-19,0.6769116062123234,0.20431241490946903,0.5610054710086538,0.5788127933323057,0.48940499457352576
2025-03-20,0.6769116062123234,0.03258431332611515,0.5897191857458756,0.5788127933323057,0.49454730671063435
2025-03-21,0.6658024486146783,0.07514766892145407,0.5121605925980596,0.5021155909784369,0.49391971706500665
2025-03-24,0.6658024486146783,0.24063401155623212,0.6593546499575778,0.5021155909784369,0.4933425552527583
2025-03-25,0.6324755402397592,0.29935786799309627,0.44215107665383085,0.310095185732748,0.4791201492397795
2025-03-26,0.6546935732260413,0.5071764147808282,0.6645004135511521,0.464626647075727,0.4771880263985133
2025-03-27,0.6880204816009604,0.2599287919556618,0.7415633121549348,0.6290239557445114,0.48947079948583605
2025-04-08,0.5991486318648399,0.28697217070634523,0.5816203185298887,0.2985160834480058,0.4625490407549967
2025-04-09,0.6546935732260413,0.25311484943666046,0.6635630629819443,0.49682871310281335,0.46454745766418803
2025-04-10,0.6880204816009604,0.04917428684754993,0.6826656122412528,0.5869387730680865,0.48005376552733564
2025-04-11,0.5991486318648399,0.09547760578026007,0.6175150674341303,0.36703664127730223,0.45576488485685207
2025-04-14,0.6866523323304566,0.13762622878766764,0.671547507665183,0.5639032197364982,0.47303267896168255
2025-04-15,0.6635337703998309,0.0878944984616704,0.671547507665183,0.5129579546477864,0.4772165990550493
2025-04-16,0.6866523323304566,0.039665587513266085,0.6940599493003979,0.5610320428582011,0.4900970343515794
2025-04-17,0.6750930513651437,0.06573813020593249,0.7273806231644443,0.5311806704331452,0.49539787288829984
2025-04-21,0.6057373655732666,0.07575938273854829,0.6445652761415289,0.37828950063197087,0.47095600544100436
2025-04-22,0.582618803642641,0.07971508742214552,0.5642188287935833,0.3365080075127925,0.44248508156641553
2025-04-23,0.5941780846079538,0.10150898341605652,0.4737235898798625,0.3720315628584515,0.42542826475841217
2025-04-24,0.5710595226773282,0.0921677851269792,0.5464900515244538,0.32438635480227185,0.4032621838711039
2025-04-25,0.582618803642641,0.04922855718619684,0.4922181098841289,0.3657268056872651,0.3915920434513685
2025-04-28,0.582618803642641,0.03810179775521799,0.5334935209097564,0.3657268056872651,0.383529437854435
2025-04-29,0.6172966465385795,0.103606766506223,0.6178012811733048,0.4960051930982516,0.3926314502091676
2025-04-30,0.6404152084692052,0.06306548352861722,0.6681970060258345,0.569737840995397,0.410329025013559
2025-05-02,0.7213301752263951,0.1193525347598169,0.744303706432403,0.7497644471378486,0.4583032001362767
2025-05-05,0.6982116132957694,0.01728945788621721,0.7620194078076383,0.665470178597158,0.48671268346389035
2025-05-06,0.6750930513651437,0.05207138492544194,0.6695257318092923,0.5860747343047359,0.4994699497631196
2025-05-07,0.6750930513651437,0.09934687992453073,0.7413403411131511,0.5860747343047359,0.5093162479339005
2025-05-08,0.6172966465385795,0.10408782950805613,0.5927624517108925,0.40660597984213437,0.49302579748558695
2025-05-09,0.6519744894345181,0.08192677122305243,0.6617084213959434,0.513278307739897,0.49443367088688933
2025-05-14,0.7097708942610823,0.07234504143305855,0.717727887650677,0.6501009697017502,0.5191892551142814
2025-05-15,0.6519744894345181,0.018668996494538126,0.6694664783804003,0.49040360194054944,0.5144673563378954
2025-05-16,0.6750930513651437,0.017871021515174255,0.6208284328210166,0.5455581839903785,0.5199457881634453
2025-05-19,0.7097708942610823,0.044202855825820356,0.6724801973719261,0.6216626615148719,0.5381022731391097
2025-05-20,0.6635337703998309,0.05775972042065543,0.5628171209470828,0.4957187455361715,0.5327433803488631
2025-05-21,0.6750930513651437,0.017952762025235037,0.5142695180673494,0.5249013882539195,0.5327656956008674
2025-05-22,0.6635337703998309,0.0531902919074215,0.42316749538513443,0.4917032421096828,0.5275062559118276
2025-05-23,0.6635337703998309,0.0814021579494656,0.42316749538513443,0.4917032421096828,0.5229173991784254
2025-05-26,0.6635337703998309,0.00492788074997588,0.45871963668488375,0.4917032421096827,0.518906222615202
2025-05-27,0.6750930513651437,0.038349029297942816,0.5441611527355104,0.5376431432055692,0.5201421293013023
2025-05-28,0.6982116132957694,0.07131256499040554,0.6553893187360411,0.6222383005020121,0.5302236876520111
2025-06-02,0.6750930513651437,0.07916233397296399,0.48998120741457085,0.5154221160983773,0.52812561667089
2025-06-03,0.6519744894345181,0.012464087775907722,0.4458981840174179,0.4241479732720907,0.5165090106973806
2025-06-04,0.6866523323304566,0.00927486787517554,0.4880799525611493,0.5625221728606907,0.5213111130950453
2025-06-05,0.6982116132957694,0.016884105356817426,0.5422534372376544,0.602445791023324,0.5294246042607026
2025-06-10,0.6750930513651437,0.026260813867478534,0.4598329085955976,0.4997709300864257,0.5257937066632757
